[
{"id": "", "path": "/privacy/policy/", "theme": {"layout": "page"}, "content": "<div id=\"block-info\" class=\"flex flex:row\">\nYour privacy is very important to us. This page explains how we collect, use, and protect your personal information when you use our site, Cinema Movie.\n<br><br>\n<strong>1. Information We Collect</strong>\nYour IP address\nDevice and browser type\nPages you access and time of visit\nContent preferences such as movie genre or country of origin\nWe do not collect personal information such as your name, email address, or other sensitive data directly, unless you contact us through the contact form.\n<br><br>\n<strong>2. Use of Information</strong>\nThe information we collect is used for:\n<br><br>\n- Improving user experience<br>\n- Showing relevant movie content<br>\n- Detecting and preventing suspicious activity<br>\n- Internal analytics and feature development<br>\n<br><br>\n<strong>3. Cookies</strong>\nOur site uses cookies to store user preferences and site usage statistics. You can disable cookies through your browser settings at any time.\n<br><br>\n<strong>4. Third Parties</strong>\nWe may use third-party services such as Google Analytics, advertising, or CDNs to improve our services. These third parties may also use cookies or similar trackers.\n<br><br>\n<strong>5. Links to Other Sites</strong>\nOur site may contain links to third-party sites. We are not responsible for the content or privacy policies of those sites.\n<br><br>\n<strong>6. Data Security</strong>\nWe use our best efforts to protect your information, but no system is completely secure. You use this site with awareness of these risks.\n<br><br>\n<strong>7. Consent</strong>\nBy using this site, you agree to our privacy policy.\n<br><br>\n<strong>8. Policy Changes</strong>\nWe may update this policy at any time. Changes will be displayed on this page with the latest revision date.\n<br><br>\n<strong>9. Contact</strong>\nIf you have any questions regarding this policy, please contact us at info@cinemamovie.online\n</div>"},
{"id": "", "path": "/disclaimer", "theme": {"layout": "page"}, "content": "<div id=\"block-info\" class=\"flex flex:row\">\nCinemamovie.online only provides information about movie links available on the internet. We do not store video files on our own servers. All content belongs to the original providers.\n</div>"},
{"id": "", "path": "/FAQ", "theme": {"layout": "page"}, "content": "<div id=\"block-info\" class=\"flex flex-row\">\n<h2><strong>Frequently Asked Questions</strong></h2>\n<strong>What is Cinemamovie.online?</strong>\nCinemamovie.online, abbreviated as Cinema Movie, is a platform that provides information about movies and series from various sources on the internet. We do not store or host any content on our servers, but instead display links from third parties.\n<ul>\n<li><strong>Is watching on this site legal?</strong>\nLegality depends on your country's jurisdiction. We only display publicly available links. Use this service wisely and in accordance with applicable laws in your region.</li>\n<li><strong>Is this site free?</strong>\nYes, it is completely free and requires no registration. We do not charge for accessing movie information or third-party links.</li>\n<li><strong>Why are there so many ads?</strong>\nAdvertisements help support the site's operations, keeping it online and free for all users. However, we strive to place ads in a way that does not interfere with your experience.</li>\n<li><strong>The movie I'm looking for isn't available, what should I do?</strong>\nPlease use the search feature or check back in a few days. We regularly update our film and series database.</li>\n<li><strong>What happens if there is copyright infringement?</strong>\nWe respect intellectual property rights. If you are a copyright owner and find an infringement, please see our DMCA Notice page and submit a formal notification.</li>\n<li><strong>Can I request a movie or series?</strong>\nWe currently don't accept manual movie requests, but we will consider this feature in the future.</li>\n<li><strong>I'm experiencing an error while playing a movie. What's the solution?</strong>\nTry changing players or refreshing the page. If the problem persists, the third-party video source is likely down.</li>\n<li><strong>Is this site safe to visit?</strong>\nWe don't store user data and don't require a login. Use a browser with an active ad blocker for a safer experience.</li>\n</ul>\n</div>"},
{"id": "", "path": "/DMCA", "theme": {"layout": "page"}, "content": "<div id=\"block-info\" class=\"flex flex:row\">\n<h2><strong>Notice</strong></h2>\nWe respect the intellectual property rights of others and expect you to do the same. In accordance with the Digital Millennium Copyright Act (DMCA), we will respond to legitimate takedown requests for alleged copyright infringement occurring on this site.\n<br><br>\n<strong>1. Third-Party Links</strong>\nCinemamovie.online does not store any film, video, or media files on our servers. All content displayed is sourced from third-party sites, such as public streaming services, that are openly available on the internet.\n<br><br>\n<strong>2. Submit a Takedown Request</strong>\nIf you are a copyright owner or represent a rights owner and believe that an infringement has occurred, you may submit a DMCA notice to us by including the following information:\n<br><br>\n- Your complete identity and contact information.<br>\n- A description of the copyrighted work being infringed.<br>\n- The specific URL containing the infringing material.<br>\n- A statement that you have a good faith belief that use of the material is not authorized by the copyright owner.<br>\n- A statement under penalty of perjury that the information in this notice is accurate and that you are the rights owner or authorized to act on behalf of the - copyright owner.<br>\n- Your physical or electronic signature.<br>\n- Please send your request to the following email address: dmca[at]Cinemamovie.online\n<br><br>\n<strong>3. Our Action</strong>\nUpon receiving a valid notification, we will process it within 48–72 business hours. We may remove or disable access to the relevant content while we investigate the claim.\n<br><br>\n<strong>4. Additional Notes</strong>\nWe are not a video host and do not control the content of third-party sites. If you wish to have the content removed completely, we recommend that you also contact the platform where the content originated.\n</div>"},
{}
]