{
"$": {"asset_uri": "/asset", "static_uri": "/static", "theme_uri": "/theme"},
"theme": {"index": "index"},
"index": "/",
"style.css": "/style.css",
"robot:text": "/robots.txt",
"ad:text": "/ads.txt",
"favorite.ico": "/favicon.ico",
"manifest.json": "/manifest.json",
"sitemap": "/sitemap/", "sitemap:list": "/sitemap/:sitemap", "sitemap.xml": "/sitemap.xml", "sitemap.xsl": "/sitemap.xsl",
"search": "/search",
"feed": "/feed/", "feed:atom": "/feed/atom/",
"page": {
	"about": "/about/", "contact": "/contact/", "help": "/help/",
	"privacy": "/privacy/", "privacy-policy": "/privacy/policy/", "privacy-policy:content": "/privacy/policy/content/",
	"term_of_use": "/term_of_use", "term_of_service": "/term_of_service",
	"cookie": "/cookie/", "cookie:preference": "/cookie/preference/",
	"service": "/service/", "pricing": "/pricing/", "partner": "/partner/",
	"disclaimer": "/disclaimer", "FAQ": "/FAQ", "DMCA": "/DMCA", "EULA": "/EULA",
	"*": "*"
	},
"archive": "/archive/", "archive:year": "/:year{[0-9]+}/", "archive:month": "/:year{[0-9]+}/:month{[0-9]+}/", "archive:day": "/:year{[0-9]+}/:month{[0-9]+}/:day{[0-9]+}/",
"author": "/author/", "author:single": "/author/:author",
"people": "/people/", "people:single": "/people/:people",
"blog": "/blog/",
"article": "/article/",
"playlist": "/playlist/",
"category": "/category/",
"tag": "/tag/",
"label": "/label/",
"genre": "/genre/",
"image": "/image/",
"picture": "/picture/",
"photo": "/photo/",
"audio": "/audio/", "audio:single": "/audio/:audio/",
"music": "/music/", "music:single": "/music/:music/",
"video": "/video/", "video:single": "/video/:video", "video:quality": "/video/quality/", "video-quality:HD": "/video/quality/HD/", "video-quality:camera": "/video/quality/camera/",
"country": "/country/", "country:single": "/country/:country/",
"movie": "/movie/", "movie:single": "/movie/:movie/", "movie:watch": "/movie/:movie/watch", "movie:discover": "/movie/discover/", "movie:popular": "/movie/popular/", "movie:now_playing": "/movie/now_playing", "movie:top_rated": "/movie/top_rated", "movie:up_coming": "/movie/up_coming",
"tv": "/tv/", "tv:single": "/tv/:tv/", "tv:watch": "/tv/:tv/watch", "tv:discover": "/tv/discover/", "tv:popular": "/tv/popular/", "tv:airing_today": "/tv/airing_today", "tv:on_the_air": "/tv/on_the_air", "tv:top_rated": "/tv/top_rated",
"event": "/event/", "event:single": "/event/:event/",
"promo": "/promo/", "promo:single": "/promo/:promo/",
"__": {
	"play": "/play/:play", "watch": "/watch/:watch",
	"discover": "/discover/",
	"editor-choice": "/editor-choice/", "editor-choice:list": "/editor-choice/list",
	"trending": "/trending/",
	"popular": "/popular/",
	"*": "*"
	},
"cgi-bin": "/cgi-bin/",
"cpanel": "/cpanel/",
"path": "/:path{.+}",
"*": "*"
}