{
  "name": "YouTube",
  "short_name": "YouTube",
  "background_color": "#FFFFFF",
  "display": "minimal-ui",
  "start_url": "/?feature=ytca",
  "scope": "/",
  "icons": [
    {
      "src": "https://www.gstatic.com/youtube/img/branding/favicon/favicon_144x144_v2.png",
      "sizes": "144x144",
      "type": "image/png"
    },
    {
      "src": "https://www.gstatic.com/youtube/img/branding/favicon/favicon_192x192_v2.png",
      "sizes": "192x192",
      "type": "image/png"
    },
    {
      "src": "https://www.gstatic.com/youtube/img/web/monochrome/logo_16x16.png",
      "sizes": "16x16",
      "type": "image/png",
      "purpose": "monochrome"
    },
    {
      "src": "https://www.gstatic.com/youtube/img/web/monochrome/logo_32x32.png",
      "sizes": "32x32",
      "type": "image/png",
      "purpose": "monochrome"
    },
    {
      "src": "https://fonts.gstatic.com/s/i/googlematerialicons/video_youtube/v11/white-48dp/1x/gm_video_youtube_white_48dp.png",
      "sizes": "48x48",
      "type": "image/png",
      "purpose": "monochrome"
    },
    {
      "src": "https://www.gstatic.com/youtube/img/web/monochrome/logo_512x512.png",
      "sizes": "512x512",
      "type": "image/png",
      "purpose": "monochrome"
    },
    {
      "src": "https://www.gstatic.com/youtube/img/web/maskable/logo_192x192.png",
      "sizes": "192x192",
      "type": "image/png",
      "purpose": "maskable"
    },
    {
      "src": "https://www.gstatic.com/youtube/img/web/maskable/logo_512x512.png",
      "sizes": "512x512",
      "type": "image/png",
      "purpose": "maskable"
    }
  ],
  "theme_color": "#FF0033",
  "gcm_sender_id": "402845223712",
  "gcm_user_visible_only": true,
  "related_applications": [],
  "capture_links": "none",
  "shortcuts": [
    {
      "name": "Subscriptions",
      "url": "/feed/subscriptions?feature=app_shortcuts",
      "icons": [
        {
          "src": "https://www.gstatic.com/youtube/img/web/shortcuts/subscriptions_512x512.png",
          "sizes": "512x512",
          "type": "image/png",
          "purpose": "any monochrome"
        }
      ]
    },
    {
      "name": "Explore",
      "url": "/feed/explore?feature=app_shortcuts",
      "icons": [
        {
          "src": "https://www.gstatic.com/youtube/img/web/shortcuts/explore_512x512.png",
          "sizes": "512x512",
          "type": "image/png",
          "purpose": "any monochrome"
        }
      ]
    }
  ]
}